title,abstract,date,department,type,url
Spelen met de gedachte,"Dit praktijkgerichte, kwalitatieve onderzoek richt zich op de vraag: op welke wijze kan improvisatiespel binnen dramatherapie worden ingezet in de behandeling van volwassenen met een borderlinepersoonlijkheidsstoornis (BPS) en chronische suïcidaliteit? Deze doelgroep kenmerkt zich door een hoge mate van lijdensdruk, emotionele ontregeling en vastgelopen behandeltrajecten, waarbij de huidige GGZ-zorg zich veelal richt op risicobeheersing in plaats van herstelgerichte behandeling. Het onderzoek is uitgevoerd aan de hand van literatuuronderzoek en halfgestructureerde interviews met dramatherapeuten en andere GGZ-professionals die ervaring hebben met het werken met cliënten met BPS en chronische suïcidaliteit. De verzamelde data zijn kwalitatief geanalyseerd, thematisch gecodeerd en geordend.Uit de resultaten blijkt dat improvisatiespel binnen dramatherapie een waardevolle bijdrage kan leveren aan de behandeling van deze doelgroep, mits het wordt aangeboden binnen duidelijke en veilige kaders. Een authentieke, transparante, onderzoekende, niet-oordelende en gelijkwaardige therapeutische houding blijkt essentieel voor het waarborgen van basisveiligheid. Improvisatiespel ondersteunt het vergroten van emotieregulatie, mentalisatie, lichaamsbewustzijn en het onderzoeken van onderliggende patronen die samenhangen met chronische suïcidaliteit. Tegelijkertijd vraagt het werken met deze doelgroep om specifieke aandacht voor risico’s en aandachtspunten, zoals overspoeling en ontregeling, zelfzorg en reflectie vanuit de behandelaar en om voortdurende afstemming op de draagkracht van de cliënt. Op basis van de onderzoeksresultaten is een eindproduct ontwikkeld in de vorm van informatieve video’s voor cliënten en behandelaren. Dit onderzoek draagt bij aan de beroepspraktijk door inzicht te geven in de inzet van improvisatiespel binnen dramatherapie bij chronische suïcidaliteit en BPS en vergroot de zichtbaarheid van dramatherapie binnen de GGZ.",,,,https://hbo-kennisbank.nl/details/sharekit_hu:oai:surfsharekit.nl:8609343e-cd0b-4586-8c39-5bea83390444
Laadbehoefte in de praktijk: Elektriciteitsvraag voor zero emissie transport op bedrijventerrein Sloterdijk Poort Noord en Dutch Fresh Port,"In het project “Laadbehoefte in de praktijk” onderzoeken de Hogeschool van Amsterdam (HvA) en Hogeschool Rotterdam (HR) de toekomstige laadbehoefte voor elektrische voertuigen op twee bedrijventerreinen: Sloterdijk Poort Noord in Amsterdam en Dutch Fresh Port in Ridderkerk / Barendrecht. Het onderzoek wordt uitgevoerd in samenwerking met Rijkswaterstaat. In dit paper verkennen we de toepasbaarheid van een ‘bottom up’ benadering voor het schatten van de energievraag op bedrijventerreinen voor mobiliteit (en panden), uitgesplitst in de dagelijkse behoefte in de tijd. Bij deze benadering dient informatie verstrekt door de bedrijven zelf – waar nodig geschat of aangevuld met openbaar beschikbare gegevens – over hun wagenpark, pand(en), energiegebruik en toekomstplannen, als basis voor het modelleren van de energievraag. Studenten van de Hogeschool van Amsterdam en Hogeschool Rotterdam hebben deze gegevens zo compleet als mogelijk proberen te verzamelen bij bedrijven op respectievelijk Sloterdijk Poort Noord (Amsterdam) en Dutch Fresh Port (Barendrecht/Ridderkerk). Deze bottom-up aanpak laat zien dat gedetailleerde data, verzameld bij bedrijven zelf, een rijker inzicht geeft in de te verwachten toekomstige energievraag.",,,,https://hbo-kennisbank.nl/details/amsterdam_pure:oai:pure.hva.nl:publications%2Ff2b2cdb7-b5d6-4ab0-a9f3-d6d88c6a73bb
Komen tot collectieve ervaringskennis stimuleer inwoners- en overheidsparticipatie,"Veel gemeenten en uitvoeringsorganisaties willen de participatie van inwoners vergroten, maar hoe pak je dat aan? Overal zijn inwoners - al dan niet bewust – met ervaringskennis. Een ervaringsdeskundige kan, afhankelijk van wat bij hem past, op één of meer manieren een rol hebben in het stimuleren van zowel inwoners- als overheidsparticipatie. En daarmee in het beschikbaar maken en vertalen van ervaringskennis in beleid voor de gemeente of uitvoeringsorganisaties. Deze opdracht en taak maken ook dat de ervaringsdeskundige een duidelijk gepositioneerd wordt.",,,,https://hbo-kennisbank.nl/details/sharekit_windesheim:oai:surfsharekit.nl:76a79f90-f776-4276-9c39-0c6498c9f851
Thinking out of the Box,"Eco-criticism, emerging in literary studies in the 1970s, argued for a critical engagement with environmental threats beyond the nature-culture dichotomy. Today, eco-critical thinking is omnipresent. But how can students be prepared for eco-critical research, which invites interdisciplinarity, multispecies perspectives, and working with real things out in the field? This course, designed for the students of the ReMa in Arts, Media, and Literary Studies, aims to develop cross-disciplinary perspectives on ecocriticism as a crucial field for (future) humanities scholars. Considering eco-criticism through theoretical and practice-based lenses, it challenges students to move beyond desk-based research and foster interdisciplinarity across humanities and natural sciences.",,,,https://hbo-kennisbank.nl/details/hanzepure:oai:research.hanze.nl:publications%2Fdb4034d4-948c-40e1-88bc-76388cae6980
Klimaatadaptief herbestemmen,"Dit onderzoek heet ‘Klimaatadaptief herbestemmen’ en bevindt zich op het raakvlak tussen twee maatschappelijke thema’s:• Gebouwen herbestemmen naar woningen is een middel om de woningnood te verlichten;• Bestaande gebouwen zijn onvoldoende voorbereid op de gevolgen van klimaatverandering.De gevolgen van klimaatverandering resulteren in negatieve effecten zoals sterfte onder ouderen, schade aan funderingen van gebouwen en overstromingen. De Rijksoverheid heeft in het Nationaal UitvoeringsprogrammaKlimaatadaptatie de opgave “Klimaatbestendig wonen voor iedereen” geformuleerd. Het is daarom van belang om actie te ondernemen.HOOFDVRAAG:HOE KAN KLIMAATADAPTATIE GEÏNTEGREERD WORDEN IN HET ONTWERPPROCES VOOR HERBESTEMMINGSPROJECTEN VAN EEN KANTOORFUNCTIE NAAR WONINGEN?Het doel van dit onderzoek is om doormiddel van een gestructureerde werkwijze initiatiefnemers en architecten handvaten te bieden om klimaatadaptieve herbestemmingen te ontwerpen. Dit is gedaan door volgende producten op te leveren:• Handleiding klimaatadaptief herbestemmen;• Klimaatmaatregelentabel voor gebouwen.Deze producten zijn opgesteld aan de hand van de onderzoeksresultaten. In dit onderzoek is literatuuronderzoek gedaan, zijn interviews afgenomen en cases bestudeerd. De uitkomsten hiervan zijn geanalyseerd op basis vaneen thematische analyse. Uit de resultaten van dit onderzoek blijkt dat herbestemmen een kans is om klimaatadaptatie te verwerken, waarbij ook raakvlakken met andere klimaatdoelen benut kunnen worden. Het ontwerpproces vanherbestemmingsprojecten wordt gekenmerkt door eerst het bestaande gebouw en de locatie nauwkeurig in kaart te brengen en van daaruit in hoofdlijnen een nieuw ontwerp te maken dat in elke volgende fase gedetailleerder wordt uitgewerkt.Er zijn zes relevante klimaatrisico’s geconstateerd waarvan hitte het meest prominent is. Bij klimaatmaatregelen wordt er eerst gekeken naar gebiedsmaatregelen, daarna naar passieve maatregelen en als laatste actievemaatregelen. De voorkeur gaat altijd uit naar groene oplossingen. Het bepalen van klimaatmaatregelen gebeurt vooral vanuit overzichten met maatregelen en de interne tools en ervaring van een adviseur. De geïnterviewdeadviseurs stellen dat het aantal beschikbare tools beperkt is. De cases tonen aan dat klimaatadaptatie succesvol in herbestemmingsprojecten verwerkt kan worden. Het is echter nog wel een uitdaging om de impact van maatregelen te kwantificeren. Uit de tweede case is gebleken dat de aanleiding voor het nemen van klimaatadaptieve maatregelen kwam uit het bestemmingsplan waarin klimaatadaptatie is vastgelegd. Hieruit wordt geconcludeerd dat bestemmingsplannen belangrijke factoren kunnen zijn in het sturen op klimaatadaptatie.Door de producten van dit onderzoek: de handleiding en de klimaatmaatregelentabel toe te passen, is het mogelijk om klimaatadaptatie in het ontwerpproces van herbestemmingsprojecten van een kantoorfunctie naar woningen te integreren. De belangrijkste aanbevelingen zijn:• Denk klimaatadaptief, ook als het niet verplicht is;• In beleid voor gebouwen meer sturen op klimaatadaptatie;• Verifieerbaar goed en aantoonbaar fout definiëren;• Meer tools ontwikkelen voor klimaatadaptatie.",,,,https://hbo-kennisbank.nl/details/sharekit_han:oai:surfsharekit.nl:daa9bb4f-507e-44ba-b876-80f06ead5332
Een betere mentale gezondheid begint niet in de GGZ,"Opiniestuk in de Volkskrant. Een pleidooi dat mentale gezondheid niet primair in de zorg, in een wijkteam of via een interventie ontstaat, maar vooral in het dagelijks leven: in hoe we wonen, werken, bewegen en met elkaar samenleven.",,,,https://hbo-kennisbank.nl/details/aereshogeschool:oai:www.greeni.nl:VBS:2:153967
Understanding shelters as children’s places : an analysis of the favourite places of 4–12 year olds,"The number of families with children experiencing homelessness, seeking asylum, or fleeing domestic violence is rising globally. However, the design of family shelters often overlooks the specific needs of children. To foster innovation in creating child-friendly shelter environments, this study explores the characteristics of children’s favourite places within family shelters. Using a walk-along and photovoice inspired approach, children were asked to show, photograph and describe their favourite place in the shelter. Researchers analysed the photos and narratives to understand how the children perceive and articulate the significance of these places. Data were collected among N = 23 children (aged 4–12) residing in shelters for asylum-seeking families, homeless families, and women’s shelters for families in the Netherlands. The findings reveal three key characteristics of children’s favourite places in shelters: (1) possibilities for joint play, (2) an aesthetic, secluded and happy atmosphere, and (3) safety and security. The discussion offers shelter care workers, architects, and others responsible for sheltering families a set of challenges for organising, designing, and utilising shelters as children’s places.",,,,https://hbo-kennisbank.nl/details/sharekit_windesheim:oai:surfsharekit.nl:8f8a9dad-7256-4394-8baf-34e0257a6a5c
Occupational Therapy at Home E-Rehabilitation (OTHER),"PURPOSE: To evaluate the feasibility of the Occupational Therapy at Home E-Rehabilitation (OTHER) intervention for persons post-stroke (age > 55) transitioning to home. METHODS: A mixed-methods feasibility study was conducted. Qualitative data included semi-structured interviews with persons post-stroke ( n  = 8) and informal caregivers ( n  = 4), a focus group with occupational therapists (OTs) ( n  = 4), and logbooks. Inductive thematic analysis explored the experiences of persons post-stroke and OTs, while feasibility was assessed deductively using Bowen's areas of feasibility. Quantitative data were the Canadian Occupational Performance Measure (COPM), Self-Management Ability Scale (SMAS-30), and the Montreal Cognitive Assessment to assess differences between baseline and 3 months. RESULTS: Eight persons post-stroke received OTHER. Inductive thematic analysis resulted in three themes from the perspectives of persons post-stroke and OTs: activity monitoring was appreciated; doing and talking were real supports; and the intervention was inspiring and challenging. Feasibility was acceptable based on Bowen's areas. A pre-post intervention change was observed on the COPM: 1 on performance and 1.5 on satisfaction, and for SMAS-30, a positive change of 4.67 was observed. CONCLUSION: The OTHER intervention and research protocol are feasible for home-based rehabilitation, and a larger trial is recommended.",,,,https://hbo-kennisbank.nl/details/amsterdam_pure:oai:pure.hva.nl:publications%2Fb1a57396-6911-4888-9ad8-3287035b6479
De Beweegclub - Anders bewegen in de eigen leefomgeving,"De Beweegreis is al enige tijd gaande in Drenthe en heeft een impuls gekregen door een aantal opeenvolgende Living Labs vanuit ZonMw Sport en Bewegen. Door aansluiting bij het Beweegreiskompas is dit nog wat harder gegaan. Dit gehele proces is kort geschetst waarna vervolgens is ingegaan op de werkwijze van een beweegclub. Laagdrempelig, dichtbij en met gelijkgestemden, onder begeleiding van een ervaren beweegprofessional die oog heeft voor de wensen en behoeften van de doelgroep.",,,,https://hbo-kennisbank.nl/details/hanze_pure_rest:7909bedd-6f9b-4c2f-9f3c-dc30c0fa2fe8
Talentontwikkeling en kansengelijkheid in het hoger onderwijs,,,,,https://hbo-kennisbank.nl/details/hanze_pure_rest:048af201-1afd-4fc1-8f67-2864a33139da
Van Markt naar Mens,,,,,https://hbo-kennisbank.nl/details/hanzepure:oai:research.hanze.nl:publications%2F64a8800b-d9f7-4116-bcc5-bbecfa7aef99
Ervaringskennis in de organisatie: werkblad,"Beantwoord de vragen in dit werkblad en ontdek als professional welke ervaringskennis waar in de organisatie aanwezig is, en hoe je deze als kennisbron kunt gebruiken. Zo vergroot je je handelingsmogelijkheden in de dagelijkse praktijk.Onderdeel van project KEUS",,,,https://hbo-kennisbank.nl/details/sharekit_windesheim:oai:surfsharekit.nl:99aa5ea1-fce7-433f-8258-28e273caf55f
"Boksen voor mentaal welzijn: Challenge, Change, Confidence","Jongeren met ouders met psychische of verslavingsproblemen ervaren vaak stress, onvoorspelbaarheid van gedrag en soms agressie of verwaarlozing. Om hen te helpen, ontwikkelden onderzoekers samen met jongeren, bokstrainers en ggz-preventiewerkers het boksprogramma ‘Challenge, Change, Confidence’. Het programma werd als pilot uitgevoerd in Rotterdam, Amsterdam en Haarlem. Wat leverde dit op?",,,,https://hbo-kennisbank.nl/details/sharekit_inholland:oai:surfsharekit.nl:5407a5d1-8d87-45ca-a900-8fca81b27abd
Handelingsperspectief klimaatadaptatie landbouw Terschelling,"Het project Toekomstperspectief polder Terschelling had als doel beter inzicht te krijgen in het functioneren van het watersysteem en in mogelijke maatregelen om de gevolgen van klimaatverandering te beperken. De kern van het project bestond uit een Living Lab-proces (2021–2026), waarin overheden, kennisinstellingen, ondernemers en maatschappelijke organisaties gezamenlijk het huidige en toekomstige functioneren van het grond- en oppervlaktewatersysteem hebben onderzocht. Daarbij zijn verschillende onderzoeksactiviteiten uitgevoerd. Met behulp van een actueel grondwatermodel zijn klimaatscenario’s doorgerekend tot 2050 en 2100. Daarnaast zijn praktijkmetingen en veldexperimenten uitgevoerd om effecten van maatregelen in de praktijk te onderzoeken.Het eindrapport beschrijft naast de resultaten van de onderzoeksactiviteiten de gezamenlijke opgaven voor het watersysteem van Terschelling, verkent mogelijke handelingsrichtingen per gebied en functie en werkt toe naar een integraal en adaptief handelingsperspectief. Daarbij staat centraal dat een toekomstbestendig watersysteem geen doel op zich is, maar een voorwaarde vormt voor brede welvaart op het eiland, waaronder een vitale landbouw, aantrekkelijke natuur, een sterke recreatiesector en een leefbare woonomgeving.Het Living Lab-proces heeft laten zien dat samenwerking tussen overheden, kennisinstellingen, ondernemers en maatschappelijke organisaties een effectieve manier is om complexe gebiedsvraagstukken gezamenlijk te verkennen. Deze werkwijze kan ook in de vervolgfase waardevol zijn, bijvoorbeeld bij het opstellen van het Integraal Waterplan voor Terschelling. Door stakeholders actief te blijven betrekken kunnen kennis, praktijkervaring en bestuurlijke afwegingen met elkaar worden verbonden en kan stapsgewijs worden gewerkt aan een robuust en toekomstbestendig watersysteem voor het eiland.",,,,https://hbo-kennisbank.nl/details/samhao:oai:www.greeni.nl:VBS:2:153940
Contextual DNA samples in evaluations given activity level propositions,"Recent years have shown a growing effort in the evaluation of DNA given activity level propositions. Yet, its implementation remains challenging for forensic scientists due to the complexity of assessing relevant DNA TPPR mechanisms. One particular challenge is the sparsity of relevant experimental data in general and their applicability in the context of the case at hand. This difficulty is most apparent when considering the presence and quantity of prevalent and background DNA as the variables affecting them are highly specific and case-dependent, complicating their assessment based on literature data alone. It would hence be advantageous to assess prevalent and background DNA using information specific to the case, ideally gathered at the crime scene. We introduce the concept of contextual sampling: the targeted collection of additional samples from the surroundings of crime-related items to assign probabilities on prevalence and background based on case-relevant data. We identify several categories of contextual samples and demonstrate how these can inform sampling strategies and be integrated into Bayesian networks. Our findings show how contextual sampling allows for case-specific probability assignment, thereby reducing dependence on less-representative literature data. We also address practical considerations – including sample number, sampling location, and analytical strategy – and discuss limitations such as resource demands and uncertainties tied to small sample sizes. We conclude that contextual samples can be collected in anticipation of relevant alternative scenarios. This will provide forensic scientists with a valuable tool for casework, offering more nuanced and case-specific evaluations given activity level propositions. Further research could address operational protocols to optimize its implementation in forensic practice.",,,,https://hbo-kennisbank.nl/details/amsterdam_pure:oai:pure.hva.nl:publications%2F73372d1b-5cdc-4415-b018-c7ed6855eb0a
A4: Isala on EHR: openEHR for secondary data use in radiotherapy.,,,,,https://hbo-kennisbank.nl/details/hanzepure:oai:research.hanze.nl:publications%2F38e682ef-5bcd-4429-a6be-f2e0af214c59
Koelen in Woningen,"Presentatie op de warmtetransitiedag 2026 van de Provincie Groningen, over het thema Koeling in het warmteprogramma.De presentatie gaat in op comfort en oplossingen voor woningen: airco en warmtepompen met toevoegingen.",,,,https://hbo-kennisbank.nl/details/hanze_pure_rest:095300ec-4d98-4e20-93c5-7f0b733f83d7
Lijst met interventie-ideeën van mbo-studenten,"In deze lijst staan alle interventie-ideeën behorende bij de Mbo-challenges 1-9, behorende bij het project ""Mbo-student in actie voor plantaardig voedsel""",,,,https://hbo-kennisbank.nl/details/has:oai:www.greeni.nl:VBS:2:153982
Van zero-emissie naar zero-impact stadslogistiek: wat leert de Nederlandse casus?,"Zero-emissiezones (ZE-zones) worden vaak gepresenteerd als een ‘no-regret’ maatregel voor schonere en beter leefbare steden. De Nederlandse invoering van ZE-zones laat echter een meer genuanceerde werkelijkheid zien. Sinds 1 januari 2025 hebben achttien gemeenten ZE-zones in hun binnensteden ingevoerd, na een decennium van nauwe samenwerking tussen overheid, logistieke bedrijven en NGO’s. Deze zones geven richting aan de markt, versnellen innovaties in voertuigen, laadinfrastructuur en stedelijke logistieke concepten, en passen binnen een bredere transitie naar duurzame stedelijke omgevingen. Toch zijn de directe luchtkwaliteits- en klimaatvoordelen bescheiden in vergelijking met de potentiële impact op het interregionaal zwaar vrachtvervoer, waar elektrificatie aanzienlijk grotere CO₂-reducties oplevert. De implementatie wordt begrensd door netcongestie, gefragmenteerde uitzonderingsregimes en administratieve complexiteit, en brengt het risico met zich mee dat er een ongelijk speelveld ontstaat dat kleinere bedrijven benadeelt. In dit position paper reconstrueren we de tienjarige implementatieperiode van ZE-zones en reflecteren we op de vraag of ZE-zones daadwerkelijk ‘no-regret’ maatregelen zijn en hoe ze dat kunnen worden. Wij stellen dat ZE-zones pas echt ‘no-regret’ worden wanneer zij zijn ingebed in een bredere strategie voor zero-impact stedelijke logistiek en emissiereductie in het goederenvervoer, met een combinatie van infrastructuur, eerlijke ondersteuning van MKB-bedrijven en structurele veranderingen in logistieke netwerken en governance.",,,,https://hbo-kennisbank.nl/details/amsterdam_pure:oai:pure.hva.nl:publications%2F633915d6-d709-4126-a5cf-6098bc32903f
Denken over armoede,Lezing over paradigma's over armoede,,,,https://hbo-kennisbank.nl/details/hanze_pure_rest:5fda3296-9a7a-456a-a4cf-ef64bd7e2286
Unintentional water intake during swimming and post-race gastrointestinal illness in triathletes,"This study aimed to investigate the relationship between water intake and post-race gastrointestinal illness in triathletes. Following a post-event survey approach, we evaluated the association between water intake and gastrointestinal illness in triathletes. We collected data among participants of six different triathlons in the Netherlands using an online questionnaire about personal characteristics (age, sex, swimming experience, chronic illness, and athletic level), the completed triathlon (length and duration), water intake, and illnesses during the 7 days following the triathlon.",,,,https://hbo-kennisbank.nl/details/aereshogeschool:oai:www.greeni.nl:VBS:2:153974
Agrogeology's Terrestrial Orders,,,,,https://hbo-kennisbank.nl/details/hanzepure:oai:research.hanze.nl:publications%2Faa9c996d-a676-443d-8444-5e26a2bcc8ad
Procesbegeleider van lerende netwerken : een praktische handreiking,"In de Stedelijke Taalaanpak Almere werken professionals samen in lerende netwerken om de taalvaardigheid van kinderen en jongeren te versterken. Rond een centraal taalthema en streefdoel bouwen zij gedurende minimaal een jaar kennis en ervaring op, die ze delen en toepassen in de praktijk. De publicatie Procesbegeleider van lerende netwerken: een praktische handreiking biedt concrete richtlijnen om deze netwerken effectief op te zetten, te begeleiden en duurzaam te verankeren. Met praktische en onderzoeksgestuurde inzichten draagt de aanpak bij aan een sterkere taalpraktijk en betere kansen voor jeugd.",,,,https://hbo-kennisbank.nl/details/sharekit_windesheim:oai:surfsharekit.nl:b68f24fc-55bc-4032-b732-29f2fe21da2a
Op koers blijven als zijinstromer,"Om het lerarentekort in Vlaanderen aan te pakken, wordt steeds vaker ingezet op zijinstromers: volwassenen die na een eerdere loopbaan de overstap maken naar het onderwijs. Deze groep blijkt echter kwetsbaar: velen verlaten het beroep al binnen het eerste jaar. Dit praktijkgericht onderzoek verkent hoe kwaliteitsvolle aanvangsbegeleiding kan bijdragen aan het verminderen van uitval bij zijinstromers in het basisonderwijs. Via een meervoudige casestudie in vier basisscholen werden interviews afgenomen bij zijinstromers, aanvangsbegeleiders, mentoren en schoolleiders. Een praatplaat met helpende factoren vormde daarbij de leidraad voor analyse en gesprek. De resultaten tonen aan dat informeel leren binnen het team, een warm onthaal en begeleiding op maat cruciaal zijn. Teamteaching wordt wisselend ervaren, terwijl peercontact, afstemming met de lerarenopleiding en het gebruik van begeleidingsinstrumenten beperkt aanwezig zijn. Werkdruk, tijdsgebrek en rolonduidelijkheid vormen belemmeringen. Relationele ondersteuning, waardering van eerdere ervaring en een sterke schoolcultuur blijken doorslaggevend. Het onderzoek formuleert aanbevelingen voor scholen, opleidingen en beleid, met aandacht voor persoonlijke groei, werk-privébalans en structureel peerleren. Kwaliteitsvolle aanvangsbegeleiding vraagt maatwerk en verankering in de bredere schoolcontext.",,,,https://hbo-kennisbank.nl/details/aereshogeschool:oai:www.greeni.nl:VBS:2:153466
"Hoe zonne-energie, slim laden en stationaire batterijen kunnen bijdragen aan de elektrificatie van transport bij drie bedrijven en de rol van de logistiek regisseur hierin","In deze casestudy hebben studenten van vier verschillende opleidingen van de Hogeschool van Amsterdam (HvA), Faculteit Techniek, gewerkt aan een maatwerk advies voor drie bedrijven. Hierbij stond de ingroei van batterij elektrische voertuigen bij beperkte netcapaciteit centraal. Voor elk bedrijf zijn meerdere scenario’s doorgerekend op uurbasis. In deze scenario’s zijn er variaties gesimuleerd op het gebied van zonnepanelen, stationaire batterijen, het rittenprofiel en slim laden. Over deze drie specifieke casussen kunnen we concluderen dat: • de wens om (gedeeltelijk) te elektrificeren voor alle drie bedrijven mogelijk is met de inzet van zonne-energie en eventuele stationaire-batterijen, zonder concessies te doen aan de rittenplanning. • zonne-energie in grote mate ingezet kan worden voor elektrificatie van het wagenpark en de bedrijfsvoering. Dit kan in combinatie met een stationaire batterij, maar is niet in alle gevallen noodzakelijk. De inzet van zonne-energie zorgt voor een concurrerender kWh tarief. Stationaire batterijen zorgen vooral voor extra ingroei van elektrische trucks. Tijdens dit traject met de studenten werd duidelijk dat de beoogde regisseursrol van de logistiekstudent nog niet vanzelfsprekend is. De deelnemende opleidingen combineren nu nog geen energetische en logistieke kennis in één curriculum, waardoor studenten tijdens het project kennis moesten uitwisselen zonder brede gezamenlijke basis. Dit pleit voor eerdere en expliciete inbedding van thema’s als netcapaciteit, laadinfrastructuur, zonnepanelen en batterijen, gecombineerd met competenties als interdisciplinair samenwerken. Deze case studie kent beperkingen: drie specifieke bedrijven met een eigen context. Vervolgonderzoek kan zich richten op meer casussen en verdere uitwerking van de vereiste inhoudelijke kennis en het competentieprofiel van de logistiek regisseur in de energietransitie.",,,,https://hbo-kennisbank.nl/details/amsterdam_pure:oai:pure.hva.nl:publications%2F5f5b9a86-8ac6-4d75-a661-8854be990016
A legal overview on International & European Safety Standards for hydrogen applications,"Dit rapport is deel I van twee delen waarin de veiligheidsnormen worden onderzocht die van toepassing zijn op waterstoftoepassingen. In deel I wordt ingegaan op de vraag welke normen hoofdzakelijk van toepassing zijn op waterstoftankstations, brandstofcel technologieën en (kleine) waterstof opslag die relevant zijn voor de Nederlandse vergunningsprocedure en wat is de hierarchie tussen deze normen en formele Europese wetgeving. Deel II gaat in op de Nederlandse situatie en behandelt daarbij ook de open normen in het recht en de veiligheidsnormen.",,,,https://hbo-kennisbank.nl/details/hanzepure:oai:research.hanze.nl:publications%2Fe4708d79-de4d-49b0-8385-024bf408dc22
Informatiebehoeften van transmannen over de logopedische behandeling bij genderdysfonie,"Inleiding: Transmannen zijn onderbelicht in de wetenschappelijke literatuur, die zich voornamelijk richt op transvrouwen. Dit onderzoek richt zich op de ervaringen en behoeften van transmannen met betrekking tot de informatievoorziening over de logopedische behandeling bij genderdysfonie. Het onderzoek heeft als doel om de zichtbaarheid van de logopedische zorg binnen deze doelgroep te vergroten. Ook draagt het bij aan de profilering van het beroep logopedie, specifiek op dit relatief nieuwe vakgebied voor de logopedist.Methode: Dit kwalitatieve onderzoek is uitgevoerd aan de hand van semigestructureerde interviews. De interviews zijn afgenomen via Microsoft Teams en hadden een duur van 30 tot 60 minuten. De interviews waren gericht op het verzamelen van de ervaringen, behoeften, wensen en suggesties van transmannen. De participanten zijn geworven via een combinatie van een sneeuwbalsteekproef en een gelegenheidssteekproef. De interviews zijn getranscribeerd en daarna geanalyseerd met Word en Excel.Resultaten: Er deden vier transmannen mee aan dit onderzoek. De transmannen beschouwen de stem (in het bijzonder de toonhoogte) als kenmerkend voor hun genderidentiteit. Ze geven aan niet bekend te zijn met de logopedische behandeling bij genderdysfonie. Ze hebben niet actief informatie vergaard. Één transman is wel bekend met de logopedische behandeling en heeft op internet informatie vergaard. Hij ervaart de informatie onvolledig om een duidelijk beeld te kunnen vormen over de meerwaarde van logopedie bij genderdysfonie. De transmannen vinden de informatievoorziening onvoldoende. Ze hebben behoefte aan proactieve voorlichting van de psycholoog over de mogelijkheid van logopedie bij genderdysfonie. Ook hebben ze behoefte aan informatie over de inhoud, opbouw en de verwachte opbrengst van het logopedisch behandeltraject bij genderdysfonie. De transmannen hebben gevarieerde suggesties aangedragen voor het verbeteren van de informatievoorziening.Discussie: Uit dit onderzoek kan voorzichtig worden geconcludeerd dat de logopedische behandeling bij genderdysfonie momenteel onvoldoende zichtbaar is voor transmannen. Dit beïnvloedt hun informatiebehoefte  en draagt mogelijk bij aan onderbehandeling. Gezien de opzet en reikwijdte van dit onderzoek kunnen de resultaten niet worden gegeneraliseerd naar de gehele populatie transmannen. Zowel de NVLF als logopedisten wordt aanbevolen in hun informatievoorziening expliciet aandacht te besteden aan de inhoud, opbouw en opbrengst van het logopedisch behandeltraject. Vervolgonderzoek bij transmannen die actief informatie hebben vergaard over de logopedische behandeling bij genderdysfonie kan aanvullend inzicht bieden.",,,,https://hbo-kennisbank.nl/details/sharekit_hhs:oai:surfsharekit.nl:001d4977-17c8-4183-b926-a7b84378b66f
StudentLines: student voice and student engagement,Presentatie tijdens het Education festival van de Rijksuniversiteit Groningen,,,,https://hbo-kennisbank.nl/details/hanze_pure_rest:0ff39ca6-d833-498b-8912-af1d90493643
A Scoping Review of the Well-Being of Students across the Primary-Secondary School Transition,"The primary to secondary school transition is a vulnerable period in a student’s life, in which students are at risk for experiencing lower levels of well-being. A scoping review was performed following the PRISMA-ScR guidelines to investigate what components play a role in the relationship between the transition from primary to secondary school and well-being. Data from N=46 studies were extracted and analysed. Results were categorised into five domains (student, parents, peers, teachers, and school) and three phases (pre, during, and post transition). In line with Bronfenbrenner’s socio-ecological theory, results show an interaction between a multitude of components. These findings highlight the complexity of the school transition experience. It emphasizes that while personal coping strategies are essential, the quality of support and relationships with peers, teachers, and parents has a profound impact on students' emotional and academic outcomes. By understanding these components, educators and policymakers can better support students during these critical periods.",,,,https://hbo-kennisbank.nl/details/hanzepure:oai:research.hanze.nl:publications%2Faf6a6405-8eae-486a-9995-efbde35aba06
Processtappen voor effectieve inzet ervaringskennis en ervaringsdeskundigheid,"Dit model geeft inzicht in de belangrijkste processtappen voor de effectieve inzet van ervaringsdeskundigen en ervaringskennis binnen organisaties. Het proces kan verschillend benaderd worden, afhankelijk van de context waarin het team of de organisatie zich bevindt en waar mogelijkheden zijn. Belangrijk: er is geen volgorde, afwisselen kan, maar alle stappen doen ertoe. Vier stappen gaan over het vergroten van draagvlak in de organisatie en vier stappen gaan over het positioneren van de ervaringsdeskundige of inwoner met ervaringskennis.",,,,https://hbo-kennisbank.nl/details/sharekit_windesheim:oai:surfsharekit.nl:c3457c1d-668d-4f68-ae88-077f7930a0a7
Werken met de Sociale Index in Hoorn.,"De gemeente Hoorn wil graag meer datagedreven gaan werken en heeft daarvoor in 2025 een Sociale Index laten ontwikkelen. Deze bestaat uit twee delen: 1) een overzicht met cijfers per gebied over diverse onderwerpen, zoals sociale cohesie, eenzaamheid en ervaren gezondheid; en 2) een onderliggend theoretisch kader dat inzicht geeft in hoe de thema’s samenhangen en geordend kunnen worden. De gegevens zijn op gebiedsniveau verzameld, mede vanuit de wens om zo het gebiedsgericht werken vorm te geven en de sociale basis te versterken. Het werken met de Sociale Index gaat echter niet vanzelf en vraagt kennis en kunde. In deze rapportage geven we richtlijnen en aandachtspunten mee.",,,,https://hbo-kennisbank.nl/details/amsterdam_pure:oai:pure.hva.nl:publications%2F7c3bd7d0-1199-4e59-b425-7bdd410f9af2
Verpleegkundig perspectief op persoonsgerichte zorg en ondersteuning,"De context waarin zorg en ondersteuning met oog voor de persoon wordt gegeven, is sterk veranderd. Er zijn steeds minder zorg- en welzijnsprofessionals in verhouding tot de toename en complexiteit van zorg- en ondersteuningsvragen. Het leidt onder meer tot een oplopende druk in de zorg en onder professionals, langere wachttijden en minder aandacht voor preventie. Dat vraagt om een organisatie van zorg en ondersteuning in de regio dat daarop antwoord geeft. Maar hoe doe je dat en hoe houd je zorg en ondersteuning persoonsgericht, zeker als het gaat om cliënten, patiënten en hun naasten in kwetsbare posities? Hoe lever je de zorg op persoonsniveau, en hoe innoveren en transformeren we de zorg samen met professionals die operationeel gericht zijn?Carinova, Icare, IJsselheem, Isala en Windesheim werken in dit lectoraat samen om via praktijkgericht onderzoek invulling te geven aan deze vragen. In deze samenwerking komen praktijk, wetenschap en onderwijs samen: zorgorganisaties brengen de dagelijkse praktijk en vraagstukken in, terwijl Windesheim als kennisinstelling vanuit onderwijs en onderzoek bijdraagt aan kennisontwikkeling, -circulatie en het opleiden van toekomstige professionals.Deze rede volgt een redeneerlijn van eigen ervaring naar theorie en verpleegkundige traditie, van een complexe context naar wenkend perspectief, en vervolgens naar de uitwerking daarvan in onze onderzoeksagenda en werkwijze van het lectoraat Persoonsgerichte Zorg en Ondersteuning.Lectorale rede in verkorte vorm uitgesproken op donderdag 16 april 2026.",,,,https://hbo-kennisbank.nl/details/sharekit_windesheim:oai:surfsharekit.nl:2e6f66ec-2b2a-4b03-a0bc-f9ecc1a5e6be
Werken aan ont-moeten?,,,,,https://hbo-kennisbank.nl/details/amsterdam_pure:oai:pure.hva.nl:publications%2F96be0b6b-1bb9-4487-afa4-a12bae055ffe
Verzwaringsdekens binnen de verstandelijk gehandicaptenzorg,"Binnen de zorg voor mensen met een verstandelijke beperking worden verzwaringsdekens vaak ingezet tegen onrust en slaapproblemen, maar duidelijke evidence-based richtlijnen over de inzet van verzwaringsdekens ontbreken. In opdracht van Stichting Pergamijn wordt daarom onderzocht hoe een stroomschema kan worden ontwikkeld dat therapeuten ondersteunt in het verantwoord en cliëntgericht gebruik van verzwaringsdekens.",,,,https://hbo-kennisbank.nl/details/sharekit_zuyd:oai:surfsharekit.nl:032d3175-ed6a-47a8-8ad7-28e694e403b1
Ergotherapie im Reha-Alltag,"Die medizinische Rehabilitation steht vor der Herausforderung, therapeutische Inhalte wirksam in den Alltag der Rehabilitand:innen zu übertragen. Als zentrale Profession arbeitet die Ergotherapie betätigungszentriert und kontextbezogen. Da bislang unklar ist, wie stationäre Rahmenbedingungen diese Praxis beeinflussen, untersucht die Bachelorarbeit, wie Ergotherapeut:innen den Einfluss des stationären Kontextes auf betätigungszentrierte Interventionen erleben.",,,,https://hbo-kennisbank.nl/details/sharekit_zuyd:oai:surfsharekit.nl:578a5b21-f7fd-4118-a1ca-b9807671cd10
Van Lineaire Ontwerpketens naar Circulaire Ontwerpteams,"Dit onderzoek richt zich op de vraag hoe samenwerking in circulaire bouwprojecten tot stand komt in de vroege fasen van het bouwproces en welke rol mkb-bedrijven daarin spelen. Circulair bouwen wijkt fundamenteel af van het traditionele lineaire bouwproces, waarin grondstoffen worden gewonnen, verwerkt en na gebruik als afval eindigen. In een circulair bouwproces worden gebouwen ontworpen als onderdeel van een cyclisch systeem, waarin materialen en componenten meerdere levenscycli kunnen doorlopen. Dit vraagt om andere vormen van samenwerking, nieuwe rollen voor betrokken partijen en andere manieren van organiseren in de initiatie- en ontwerpfase van bouwprojecten.",,,,https://hbo-kennisbank.nl/details/sharekit_windesheim:oai:surfsharekit.nl:8359affc-4358-4032-8c7b-c5b69be6addb
Meer dan fietsen voor het klimaat: naar effectievere klimaatbeloftes,"Cycling4Climate is meer dan een fietsevenement. Wie zich inschrijft, doet ook een klimaatbelofte: een concrete actie om bij te dragen aan het tegengaan van klimaatverandering. Maar hoe effectief is zo'n belofte? In hoeverre komen deelnemers die na en wat bepaalt het verschil? Dit onderzoek, uitgevoerd door het lectoraat Psychologie voor een Duurzame Stad van de Hogeschool van Amsterdam, gaat op zoek naar antwoorden. Het doel is om de klimaatbelofte door te ontwikkelen tot een instrument dat niet alleen motiveert, maar ook daadwerkelijk klimaatimpact maakt. Die ambitie is urgent. De rijkste 10% van de wereldbevolking is verantwoordelijk voor 31-67% van de mondiale overschrijding van planetaire grenzen (Tian et al., 2024). Nederland vormt hierop geen uitzondering: de top 10% inkomensgroep stoot gemiddeld 20,9 ton CO₂ per persoon uit, tegenover 9,8 ton voor de middelste 40% en 5,8 ton voor de laagste 50% (Ghosh et al., 2021). Dit verschil wordt gedreven doordat welvarenden vaker vliegen, groter wonen en meer auto’s bezitten (Benoist & Renes, 2024; Milieudefensie, 2022). Tegelijkertijd hebben mensen met hogere inkomens en opleidingsniveaus ook de meeste hefboomwerking om het tij te keren. Zij hebben niet alleen een grote voetafdruk, maar ook in potentie een grote ecologische handafdruk: de invloed die zij kunnen uitoefenen op de klimaatimpact van anderen, via hun sociale netwerk, professionele rol en financiële keuzes (Nielsen et al., 2021). Door duurzame keuzes zichtbaar te maken of erover in gesprek te gaan, kan klimaatbewust gedrag sneller de sociale norm worden (Hoffmann et al., 2024). Cycling4Climate brengt precies deze groep welvarenden samen. Daarmee biedt het evenement een unieke kans. Niet alleen om individueel gedrag te onderzoeken, maar ook om te verkennen hoe deelnemers hun bredere invloed kunnen inzetten voor klimaatactie.",,,,https://hbo-kennisbank.nl/details/amsterdam_pure:oai:pure.hva.nl:publications%2F4dc33e86-ea69-4715-ac65-131520e30b16
Klantreis mbo-studenten tijdens mbo-challenge,"Deze twee klantreizen zijn gemaakt door Nordin Verhoeven mbo-docent bij KW1C Den Bosch, gebaseerd op de ervaringen van studenten van KW1C tijdens challenge 6 en 7, binnen project ""Mbo-student in actie voor plantaardig voedsel""",,,,https://hbo-kennisbank.nl/details/has:oai:www.greeni.nl:VBS:2:153963
Ervaringskennis als kennisbron je vakmanschap vergroten,"Werken vanuit de menselijke maat in je dagelijkse praktijk, hoe doe je dat? Dit model maakt je bewust hoe ervaringskennis naast praktijk- en wetenschappelijke kennis kan functioneren als evenwaardige kennisbron in je dagelijkse praktijk. Welke rode draad zie en hoor jij in de verschillende ervaringskennisbronnen? En wat zegt dit over mogelijke systeemverbeteringen of uitsluitmechanismen? Start vanuit de ervaringskennisbron óf de dagelijkse praktijk van de professional. De stappen zijn hetzelfde, alleen de volgorde verschilt.",,,,https://hbo-kennisbank.nl/details/sharekit_windesheim:oai:surfsharekit.nl:4102d2e0-1008-4c1e-a3dc-b872e36e1361
Engaging the Image: Visual Creativity in contemporary Dutch Protestantism,"The research project The New Illuminators: Women in Search of Spiritual Authority and Resilience provides us with a remarkable level of access to the work of women bible journallers. In addition to questions about gender, agency and interpretation, the project demonstrates once more the enduring dynamics between the textual and visual in Christian contexts. One of the contexts theproject has studied, is the Netherlands, known as one of the most rapidly secularized countries in Western Europe. This secularization process has not resulted in a complete vanishing of Christianity from the public domain, but has rather resulted in a transformed, diversified and culturalized societal position of Christianity. One notable aspect of this position is the rising prominence of the relationship between religion and the arts. Despite Catholicism traditionally being the more visual and materially engaged Christian tradition, in the Dutch context it is remarkably how innovative and experimental artistic creativityis predominantly engaged in Protestant contexts. In this paper, I explore three art projects that strongly engaged with Christianity, to contextualize the practices of Dutch Bible journallers. I look at the set of choir paintings by Egbert Modderman, commissioned by the Groningen Martini Church; the 2019 lent art project Art Stations of the Cross, displayed across various locations in Amsterdam; and the recent exhibition Through Matter of Time by Morena Bamberger in Stedelijk Museum Schiedam. Each of these projects demonstrate a different type of engagement with scripture through the arts, of which in turn traces can be found in Bible journalling practices. While the journalling practices take place in a different artistic and aesthetic discourse than the institutional art projects, bringing them together in an analytical framework sheds a moreelaborate and nuanced light on the enduring relation between Scripture and visual creativity in a secularized context like the Netherlands.",,,,https://hbo-kennisbank.nl/details/hanze_pure_rest:41a7ae4e-1cd9-44f7-8366-033786f0a7c1
Den Blick weiten,"Untersucht wurde, inwiefern Ergotherapeut:innen in Deutschland bei Erwachsenen mit psychischer Erkrankung die Angehörigen in den therapeutischen Prozess einbeziehen und wie ihr Erleben mit der Zusammenarbeit ist.",,,,https://hbo-kennisbank.nl/details/sharekit_zuyd:oai:surfsharekit.nl:3109bc03-eca8-4005-9ff3-6ab46a29b1c9
